5,16.65
1,Interface-Out,16.65
2,Interface-In,16.65
6,Input,18.57
0,Interface-In,18.57
2,Interface-Out,22.83
7,Output,22.83
6,Input,24.14
0,Interface-In,24.14
0,Interface-Out,26.69
7,Output,26.69
8,Storage,30.91
0,Interface-In,30.91
0,Interface-Out,35.36
3,Interface-In,35.36
8,Storage,38.34
0,Interface-In,38.34
6,Input,39.0
0,Interface-In,39.0
3,Interface-Out,41.39
7,Output,41.39
0,Interface-Out,43.41
3,Interface-In,43.41
6,Input,44.57
1,Interface-In,44.57
8,Storage,47.54
0,Interface-In,47.54
6,Input,48.29
1,Interface-In,48.29
8,Storage,49.32
0,Interface-In,49.32
2,Interface-Out,50.08
7,Output,50.08
1,Interface-Out,52.54
2,Interface-In,52.54
0,Interface-Out,53.92
7,Output,53.92
3,Interface-Out,54.74
7,Output,54.74
8,Storage,55.88
0,Interface-In,55.88
1,Interface-Out,56.9
2,Interface-In,56.9
6,Input,59.43
8,Storage,59.43
8,Storage,60.66
0,Interface-In,60.66
1,Interface-Out,61.39
2,Interface-In,61.39
2,Interface-Out,63.55
7,Output,63.55
0,Interface-Out,65.18
3,Interface-In,65.18
3,Interface-Out,66.0
7,Output,66.0
6,Input,66.91
8,Storage,66.91
1,Interface-Out,70.37
7,Output,70.37
6,Input,71.13
1,Interface-In,71.13
6,Input,72.43
1,Interface-In,72.43
0,Interface-Out,75.4
3,Interface-In,75.4
6,Input,76.14
1,Interface-In,76.14
0,Interface-Out,80.52
3,Interface-In,80.52
3,Interface-Out,81.42
7,Output,81.42
1,Interface-Out,82.32
2,Interface-In,82.32
0,Interface-Out,86.04
3,Interface-In,86.04
6,Input,86.69
0,Interface-In,86.69
6,Input,87.76
1,Interface-In,87.76
0,Interface-Out,91.36
3,Interface-In,91.36
6,Input,91.98
0,Interface-In,91.98
2,Interface-Out,93.6
7,Output,93.6
6,Input,97.13
0,Interface-In,97.13
6,Input,98.08
1,Interface-In,98.08
6,Input,99.11
1,Interface-In,99.11
6,Input,100.29
1,Interface-In,100.29
6,Input,102.14
1,Interface-In,102.14
8,Storage,103.21
0,Interface-In,103.21
2,Interface-Out,103.71
7,Output,103.71
1,Interface-Out,104.74
7,Output,104.74
6,Input,108.41
0,Interface-In,108.41
3,Interface-Out,113.0
7,Output,113.0
1,Interface-Out,113.89
2,Interface-In,113.89
8,Storage,117.96
0,Interface-In,117.96
6,Input,118.42
8,Storage,118.42
0,Interface-Out,123.08
3,Interface-In,123.08
8,Storage,123.77
0,Interface-In,123.77
3,Interface-Out,124.24
7,Output,124.24
6,Input,125.13
8,Storage,125.13
6,Input,126.59
1,Interface-In,126.59
3,Interface-Out,129.0
7,Output,129.0
8,Storage,134.36
0,Interface-In,134.36
3,Interface-Out,135.3
7,Output,135.3
6,Input,136.19
1,Interface-In,136.19
6,Input,140.06
0,Interface-In,140.06
6,Input,141.1
1,Interface-In,141.1
8,Storage,142.13
0,Interface-In,142.13
6,Input,143.12
1,Interface-In,143.12
6,Input,144.15
1,Interface-In,144.15
6,Input,145.22
1,Interface-In,145.22
2,Interface-Out,147.84
7,Output,147.84
6,Input,152.11
0,Interface-In,152.11
1,Interface-Out,153.06
2,Interface-In,153.06
6,Input,153.64
1,Interface-In,153.64
0,Interface-Out,155.13
7,Output,155.13
6,Input,159.21
0,Interface-In,159.21
6,Input,160.22
1,Interface-In,160.22
1,Interface-Out,161.25
2,Interface-In,161.25
1,Interface-Out,165.71
2,Interface-In,165.71
6,Input,166.3
0,Interface-In,166.3
2,Interface-Out,172.34
7,Output,172.34
6,Input,173.23
1,Interface-In,173.23
6,Input,176.6
0,Interface-In,176.6
2,Interface-Out,177.64
7,Output,177.64
8,Storage,181.32
0,Interface-In,181.32
6,Input,182.25
8,Storage,182.25
6,Input,183.42
1,Interface-In,183.42
6,Input,184.62
1,Interface-In,184.62
6,Input,185.68
1,Interface-In,185.68
6,Input,186.75
1,Interface-In,186.75
6,Input,187.82
8,Storage,187.82
3,Interface-Out,189.02
7,Output,189.02
6,Input,189.78
8,Storage,189.78
1,Interface-Out,192.72
7,Output,192.72
0,Interface-Out,197.62
3,Interface-In,197.62
3,Interface-Out,198.45
7,Output,198.45
2,Interface-Out,203.13
7,Output,203.13
8,Storage,204.26
0,Interface-In,204.26
6,Input,205.19
1,Interface-In,205.19
1,Interface-Out,206.23
2,Interface-In,206.23
6,Input,207.46
1,Interface-In,207.46
3,Interface-Out,208.93
7,Output,208.93
6,Input,211.44
0,Interface-In,211.44
8,Storage,212.39
0,Interface-In,212.39
6,Input,212.92
8,Storage,212.92
0,Interface-Out,214.09
7,Output,214.09
8,Storage,214.85
0,Interface-In,214.85
6,Input,215.79
8,Storage,215.79
1,Interface-Out,224.02
2,Interface-In,224.02
0,Interface-Out,224.54
3,Interface-In,224.54
6,Input,225.2
1,Interface-In,225.2
2,Interface-Out,229.77
7,Output,229.77
8,Storage,230.63
0,Interface-In,230.63
6,Input,231.56
8,Storage,231.56
1,Interface-Out,233.0
2,Interface-In,233.0
6,Input,233.52
1,Interface-In,233.52
6,Input,234.62
1,Interface-In,234.62
3,Interface-Out,235.69
7,Output,235.69
2,Interface-Out,236.55
7,Output,236.55
6,Input,237.91
1,Interface-In,237.91
0,Interface-Out,240.12
3,Interface-In,240.12
1,Interface-Out,241.98
2,Interface-In,241.98
3,Interface-Out,246.22
7,Output,246.22
1,Interface-Out,250.96
2,Interface-In,250.96
8,Storage,251.78
0,Interface-In,251.78
6,Input,252.25
8,Storage,252.25
6,Input,253.42
1,Interface-In,253.42
0,Interface-Out,256.08
3,Interface-In,256.08
8,Storage,257.21
0,Interface-In,257.21
2,Interface-Out,257.68
7,Output,257.68
6,Input,258.57
1,Interface-In,258.57
8,Storage,260.46
0,Interface-In,260.46
6,Input,260.96
1,Interface-In,260.96
2,Interface-Out,262.0
7,Output,262.0
6,Input,266.42
8,Storage,266.42
3,Interface-Out,267.53
7,Output,267.53
6,Input,268.92
8,Storage,268.92
6,Input,270.03
1,Interface-In,270.03
2,Interface-Out,271.23
7,Output,271.23
1,Interface-Out,273.41
7,Output,273.41
8,Storage,274.47
0,Interface-In,274.47
8,Storage,277.69
0,Interface-In,277.69
3,Interface-Out,278.22
7,Output,278.22
6,Input,279.12
1,Interface-In,279.12
0,Interface-Out,282.68
7,Output,282.68
6,Input,283.47
8,Storage,283.47
2,Interface-Out,285.0
7,Output,285.0
8,Storage,286.88
0,Interface-In,286.88
6,Input,287.81
8,Storage,287.81
6,Input,291.9
1,Interface-In,291.9
0,Interface-Out,293.38
3,Interface-In,293.38
3,Interface-Out,294.7
7,Output,294.7
6,Input,296.39
1,Interface-In,296.39
0,Interface-Out,298.77
3,Interface-In,298.77
8,Storage,299.39
0,Interface-In,299.39
6,Input,299.86
8,Storage,299.86
8,Storage,301.02
1,Interface-In,301.02
6,Input,301.36
8,Storage,301.36
0,Interface-Out,303.96
3,Interface-In,303.96
1,Interface-Out,304.84
7,Output,304.84
6,Input,305.66
1,Interface-In,305.66
6,Input,309.33
8,Storage,309.33
0,Interface-Out,310.53
3,Interface-In,310.53
1,Interface-Out,311.12
2,Interface-In,311.12
1,Interface-Out,313.82
2,Interface-In,313.82
6,Input,314.4
8,Storage,314.4
6,Input,315.64
1,Interface-In,315.64
3,Interface-Out,316.84
7,Output,316.84
2,Interface-Out,317.7
7,Output,317.7
6,Input,318.83
1,Interface-In,318.83
2,Interface-Out,321.42
7,Output,321.42
6,Input,323.33
1,Interface-In,323.33
2,Interface-Out,326.01
7,Output,326.01
1,Interface-Out,327.29
2,Interface-In,327.29
8,Storage,331.78
0,Interface-In,331.78
6,Input,332.24
8,Storage,332.24
2,Interface-Out,333.41
7,Output,333.41
6,Input,334.18
8,Storage,334.18
1,Interface-Out,336.27
7,Output,336.27
6,Input,340.76
8,Storage,340.76
8,Storage,341.87
0,Interface-In,341.87
3,Interface-Out,342.24
7,Output,342.24
8,Storage,343.13
1,Interface-In,343.13
6,Input,344.03
8,Storage,344.03
1,Interface-Out,345.25
2,Interface-In,345.25
6,Input,345.77
1,Interface-In,345.77
2,Interface-Out,348.3
7,Output,348.3
6,Input,350.27
1,Interface-In,350.27
8,Storage,351.9
0,Interface-In,351.9
3,Interface-Out,352.4
7,Output,352.4
2,Interface-Out,353.3
7,Output,353.3
8,Storage,354.75
1,Interface-In,354.75
2,Interface-Out,357.28
7,Output,357.28
8,Storage,358.14
0,Interface-In,358.14
1,Interface-Out,359.07
2,Interface-In,359.07
8,Storage,359.66
1,Interface-In,359.66
8,Storage,361.13
0,Interface-In,361.13
2,Interface-Out,361.77
7,Output,361.77
3,Interface-Out,363.0
7,Output,363.0
8,Storage,367.12
0,Interface-In,367.12
1,Interface-Out,368.05
2,Interface-In,368.05
6,Input,368.64
8,Storage,368.64
8,Storage,372.72
1,Interface-In,372.72
6,Input,373.05
8,Storage,373.05
6,Input,377.21
1,Interface-In,377.21
8,Storage,381.46
0,Interface-In,381.46
8,Storage,381.96
1,Interface-In,381.96
6,Input,382.46
8,Storage,382.46
6,Input,386.19
1,Interface-In,386.19
8,Storage,390.03
0,Interface-In,390.03
1,Interface-Out,390.53
2,Interface-In,390.53
6,Input,391.12
1,Interface-In,391.12
8,Storage,392.22
0,Interface-In,392.22
1,Interface-Out,394.64
7,Output,394.64
8,Storage,395.46
0,Interface-In,395.46
6,Input,396.4
8,Storage,396.4
6,Input,397.56
8,Storage,397.56
6,Input,399.63
1,Interface-In,399.63
6,Input,400.83
8,Storage,400.83
6,Input,404.44
1,Interface-In,404.44
2,Interface-Out,405.64
7,Output,405.64
8,Storage,408.11
0,Interface-In,408.11
6,Input,409.04
8,Storage,409.04
8,Storage,411.02
0,Interface-In,411.02
3,Interface-Out,411.39
7,Output,411.39
6,Input,413.12
1,Interface-In,413.12
3,Interface-Out,416.28
7,Output,416.28
8,Storage,417.62
1,Interface-In,417.62
2,Interface-Out,418.65
7,Output,418.65
1,Interface-Out,421.58
2,Interface-In,421.58
0,Interface-Out,426.23
3,Interface-In,426.23
6,Input,426.88
1,Interface-In,426.88
2,Interface-Out,427.98
7,Output,427.98
8,Storage,429.55
0,Interface-In,429.55
1,Interface-Out,430.56
2,Interface-In,430.56
6,Input,431.14
8,Storage,431.14
3,Interface-Out,432.38
7,Output,432.38
8,Storage,435.58
1,Interface-In,435.58
2,Interface-Out,436.48
7,Output,436.48
6,Input,437.99
0,Interface-In,437.99
8,Storage,440.07
1,Interface-In,440.07
6,Input,444.03
0,Interface-In,444.03
2,Interface-Out,445.59
7,Output,445.59
6,Input,447.58
8,Storage,447.58
3,Interface-Out,448.69
7,Output,448.69
6,Input,449.46
8,Storage,449.46
2,Interface-Out,450.57
7,Output,450.57
6,Input,453.01
0,Interface-In,453.01
8,Storage,453.95
1,Interface-In,453.95
3,Interface-Out,454.45
7,Output,454.45
2,Interface-Out,455.31
7,Output,455.31
0,Interface-Out,458.15
7,Output,458.15
6,Input,459.15
0,Interface-In,459.15
2,Interface-Out,460.1
7,Output,460.1
8,Storage,462.51
1,Interface-In,462.51
0,Interface-Out,463.6
3,Interface-In,463.6
8,Storage,467.24
1,Interface-In,467.24
2,Interface-Out,467.74
7,Output,467.74
3,Interface-Out,469.45
7,Output,469.45
6,Input,470.58
8,Storage,470.58
8,Storage,471.69
1,Interface-In,471.69
6,Input,472.03
8,Storage,472.03
6,Input,473.23
8,Storage,473.23
8,Storage,474.98
0,Interface-In,474.98
1,Interface-Out,475.46
2,Interface-In,475.46
8,Storage,476.04
1,Interface-In,476.04
0,Interface-Out,479.84
7,Output,479.84
1,Interface-Out,480.63
7,Output,480.63
2,Interface-Out,481.7
7,Output,481.7
6,Input,482.83
8,Storage,482.83
0,Interface-Out,484.82
3,Interface-In,484.82
6,Input,489.45
1,Interface-In,489.45
0,Interface-Out,490.55
3,Interface-In,490.55
2,Interface-Out,491.17
7,Output,491.17
8,Storage,494.0
1,Interface-In,494.0
2,Interface-Out,494.9
7,Output,494.9
6,Input,496.68
0,Interface-In,496.68
6,Input,498.44
1,Interface-In,498.44
6,Input,499.81
0,Interface-In,499.81
3,Interface-Out,501.27
7,Output,501.27
6,Input,503.22
1,Interface-In,503.22
6,Input,505.19
0,Interface-In,505.19
3,Interface-Out,506.83
7,Output,506.83
0,Interface-Out,511.42
7,Output,511.42
3,Interface-Out,512.42
7,Output,512.42
2,Interface-Out,513.55
7,Output,513.55
0,Interface-Out,516.67
3,Interface-In,516.67
2,Interface-Out,517.5
7,Output,517.5
8,Storage,520.94
1,Interface-In,520.94
0,Interface-Out,522.12
3,Interface-In,522.12
8,Storage,525.38
1,Interface-In,525.38
2,Interface-Out,526.37
7,Output,526.37
8,Storage,529.87
1,Interface-In,529.87
6,Input,530.77
0,Interface-In,530.77
3,Interface-Out,533.19
7,Output,533.19
8,Storage,534.41
1,Interface-In,534.41
2,Interface-Out,535.39
7,Output,535.39
1,Interface-Out,538.32
2,Interface-In,538.32
8,Storage,539.14
1,Interface-In,539.14
6,Input,539.58
8,Storage,539.58
6,Input,540.78
0,Interface-In,540.78
0,Interface-Out,543.34
7,Output,543.34
2,Interface-Out,544.37
7,Output,544.37
8,Storage,548.06
1,Interface-In,548.06
6,Input,548.96
0,Interface-In,548.96
6,Input,552.61
1,Interface-In,552.61
6,Input,553.65
0,Interface-In,553.65
1,Interface-Out,556.28
2,Interface-In,556.28
8,Storage,556.86
1,Interface-In,556.86
1,Interface-Out,560.77
2,Interface-In,560.77
8,Storage,561.47
1,Interface-In,561.47
6,Input,562.16
0,Interface-In,562.16
6,Input,563.2
0,Interface-In,563.2
1,Interface-Out,565.26
7,Output,565.26
6,Input,566.08
8,Storage,566.08
2,Interface-Out,567.2
7,Output,567.2
0,Interface-Out,570.0
3,Interface-In,570.0
6,Input,570.83
8,Storage,570.83
6,Input,574.82
1,Interface-In,574.82
3,Interface-Out,576.05
7,Output,576.05
8,Storage,579.26
1,Interface-In,579.26
6,Input,580.16
0,Interface-In,580.16
2,Interface-Out,581.19
7,Output,581.19
8,Storage,583.75
1,Interface-In,583.75
6,Input,584.65
0,Interface-In,584.65
6,Input,585.68
0,Interface-In,585.68
3,Interface-Out,586.68
7,Output,586.68
8,Storage,588.29
1,Interface-In,588.29
6,Input,589.19
0,Interface-In,589.19
6,Input,591.98
0,Interface-In,591.98
1,Interface-Out,592.98
2,Interface-In,592.98
6,Input,593.56
8,Storage,593.56
1,Interface-Out,596.69
2,Interface-In,596.69
8,Storage,597.21
1,Interface-In,597.21
3,Interface-Out,597.65
7,Output,597.65
6,Input,598.51
0,Interface-In,598.51
8,Storage,601.71
1,Interface-In,601.71
0,Interface-Out,602.21
3,Interface-In,602.21
3,Interface-Out,602.83
7,Output,602.83
8,Storage,606.2
1,Interface-In,606.2
0,Interface-Out,607.24
3,Interface-In,607.24
3,Interface-Out,608.05
7,Output,608.05
8,Storage,610.74
1,Interface-In,610.74
6,Input,613.28
0,Interface-In,613.28
6,Input,615.18
1,Interface-In,615.18
3,Interface-Out,618.5
7,Output,618.5
8,Storage,619.67
1,Interface-In,619.67
6,Input,620.57
0,Interface-In,620.57
6,Input,623.9
0,Interface-In,623.9
2,Interface-Out,625.29
7,Output,625.29
8,Storage,644.42
1,Interface-In,644.42
1,Interface-Out,645.32
2,Interface-In,645.32
8,Storage,646.72
1,Interface-In,646.72
6,Input,647.15
8,Storage,647.15
6,Input,648.35
0,Interface-In,648.35
0,Interface-Out,649.87
3,Interface-In,649.87
8,Storage,651.35
1,Interface-In,651.35
6,Input,651.78
8,Storage,651.78
6,Input,652.98
0,Interface-In,652.98
1,Interface-Out,654.28
2,Interface-In,654.28
8,Storage,655.53
1,Interface-In,655.53
6,Input,655.96
8,Storage,655.96
6,Input,657.16
0,Interface-In,657.16
8,Storage,660.33
1,Interface-In,660.33
0,Interface-Out,660.83
3,Interface-In,660.83
6,Input,661.45
8,Storage,661.45
1,Interface-Out,663.26
2,Interface-In,663.26
8,Storage,664.82
1,Interface-In,664.82
3,Interface-Out,665.25
7,Output,665.25
0,Interface-Out,666.11
7,Output,666.11
8,Storage,669.31
1,Interface-In,669.31
3,Interface-Out,670.21
7,Output,670.21
0,Interface-Out,671.07
3,Interface-In,671.07
8,Storage,673.8
1,Interface-In,673.8
3,Interface-Out,674.23
7,Output,674.23
8,Storage,678.29
1,Interface-In,678.29
3,Interface-Out,679.19
7,Output,679.19
8,Storage,682.78
1,Interface-In,682.78
8,Storage,687.27
1,Interface-In,687.27
8,Storage,691.76
1,Interface-In,691.76
3,Interface-Out,698.96
7,Output,698.96
1,Interface-Out,703.67
2,Interface-In,703.67
2,Interface-Out,705.23
7,Output,705.23
0,Interface-Out,708.87
3,Interface-In,708.87
2,Interface-Out,709.72
7,Output,709.72
2,Interface-Out,714.21
7,Output,714.21
0,Interface-Out,719.51
3,Interface-In,719.51
