5,10.61
1,Interface-Out,10.61
3,Interface-In,10.61
6,Input,15.0
0,Interface-In,15.0
4,Interface-Out,20.77
7,Output,20.77
3,Interface-Out,21.67
4,Interface-In,21.67
2,Interface-Out,26.9
4,Interface-In,26.9
2,Interface-Out,34.75
4,Interface-In,34.75
6,Input,37.5
1,Interface-In,37.5
0,Interface-Out,39.23
2,Interface-In,39.23
2,Interface-Out,40.0
4,Interface-In,40.0
3,Interface-Out,43.0
4,Interface-In,43.0
0,Interface-Out,44.55
2,Interface-In,44.55
6,Input,45.21
1,Interface-In,45.21
6,Input,47.5
0,Interface-In,47.5
0,Interface-Out,50.01
2,Interface-In,50.01
4,Interface-Out,50.81
7,Output,50.81
2,Interface-Out,51.71
4,Interface-In,51.71
6,Input,52.62
0,Interface-In,52.62
1,Interface-Out,55.05
3,Interface-In,55.05
0,Interface-Out,55.64
2,Interface-In,55.64
4,Interface-Out,56.54
7,Output,56.54
6,Input,57.5
1,Interface-In,57.5
1,Interface-Out,59.68
4,Interface-In,59.68
0,Interface-Out,60.71
2,Interface-In,60.71
3,Interface-Out,61.93
4,Interface-In,61.93
6,Input,62.61
0,Interface-In,62.61
4,Interface-Out,65.09
7,Output,65.09
0,Interface-Out,66.03
2,Interface-In,66.03
4,Interface-Out,68.14
7,Output,68.14
3,Interface-Out,70.08
4,Interface-In,70.08
4,Interface-Out,70.99
7,Output,70.99
6,Input,72.5
0,Interface-In,72.5
4,Interface-Out,73.58
7,Output,73.58
6,Input,75.0
0,Interface-In,75.0
0,Interface-Out,76.67
2,Interface-In,76.67
6,Input,77.5
1,Interface-In,77.5
6,Input,80.0
0,Interface-In,80.0
1,Interface-Out,81.99
4,Interface-In,81.99
4,Interface-Out,82.58
7,Output,82.58
3,Interface-Out,84.04
4,Interface-In,84.04
6,Input,85.0
1,Interface-In,85.0
6,Input,87.5
0,Interface-In,87.5
2,Interface-Out,88.53
4,Interface-In,88.53
4,Interface-Out,90.56
7,Output,90.56
0,Interface-Out,92.63
2,Interface-In,92.63
4,Interface-Out,93.46
7,Output,93.46
1,Interface-Out,95.46
7,Output,95.46
0,Interface-Out,97.82
2,Interface-In,97.82
4,Interface-Out,98.99
7,Output,98.99
6,Input,100.0
0,Interface-In,100.0
6,Input,102.5
1,Interface-In,102.5
2,Interface-Out,103.91
4,Interface-In,103.91
4,Interface-Out,104.75
7,Output,104.75
4,Interface-Out,108.31
7,Output,108.31
2,Interface-Out,109.44
4,Interface-In,109.44
3,Interface-Out,110.57
4,Interface-In,110.57
6,Input,112.5
0,Interface-In,112.5
0,Interface-Out,113.78
2,Interface-In,113.78
2,Interface-Out,114.58
4,Interface-In,114.58
3,Interface-Out,115.26
4,Interface-In,115.26
6,Input,117.5
1,Interface-In,117.5
3,Interface-Out,119.55
4,Interface-In,119.55
4,Interface-Out,120.19
7,Output,120.19
4,Interface-Out,122.47
7,Output,122.47
3,Interface-Out,124.04
4,Interface-In,124.04
6,Input,125.0
0,Interface-In,125.0
6,Input,127.5
0,Interface-In,127.5
3,Interface-Out,128.63
4,Interface-In,128.63
6,Input,130.0
1,Interface-In,130.0
1,Interface-Out,131.38
7,Output,131.38
0,Interface-Out,135.19
2,Interface-In,135.19
1,Interface-Out,136.02
7,Output,136.02
6,Input,137.5
1,Interface-In,137.5
6,Input,140.0
0,Interface-In,140.0
0,Interface-Out,141.03
2,Interface-In,141.03
6,Input,142.5
1,Interface-In,142.5
1,Interface-Out,144.85
3,Interface-In,144.85
4,Interface-Out,145.55
7,Output,145.55
0,Interface-Out,146.46
2,Interface-In,146.46
6,Input,147.5
0,Interface-In,147.5
1,Interface-Out,149.34
7,Output,149.34
4,Interface-Out,150.79
7,Output,150.79
3,Interface-Out,151.93
4,Interface-In,151.93
4,Interface-Out,153.6
7,Output,153.6
6,Input,155.0
0,Interface-In,155.0
4,Interface-Out,156.43
7,Output,156.43
2,Interface-Out,158.1
4,Interface-In,158.1
4,Interface-Out,159.19
7,Output,159.19
4,Interface-Out,162.02
7,Output,162.02
2,Interface-Out,163.16
4,Interface-In,163.16
4,Interface-Out,164.85
7,Output,164.85
0,Interface-Out,167.08
2,Interface-In,167.08
4,Interface-Out,167.91
7,Output,167.91
6,Input,170.0
0,Interface-In,170.0
0,Interface-Out,172.37
2,Interface-In,172.37
4,Interface-Out,173.41
7,Output,173.41
2,Interface-Out,175.99
4,Interface-In,175.99
0,Interface-Out,177.75
2,Interface-In,177.75
1,Interface-Out,179.09
3,Interface-In,179.09
3,Interface-Out,179.7
4,Interface-In,179.7
2,Interface-Out,180.48
4,Interface-In,180.48
6,Input,182.5
1,Interface-In,182.5
2,Interface-Out,184.97
4,Interface-In,184.97
4,Interface-Out,185.61
7,Output,185.61
4,Interface-Out,187.56
7,Output,187.56
1,Interface-Out,188.69
3,Interface-In,188.69
6,Input,190.0
0,Interface-In,190.0
1,Interface-Out,192.63
4,Interface-In,192.63
4,Interface-Out,193.22
7,Output,193.22
3,Interface-Out,194.74
4,Interface-In,194.74
4,Interface-Out,196.05
7,Output,196.05
6,Input,197.5
0,Interface-In,197.5
4,Interface-Out,198.88
7,Output,198.88
6,Input,200.0
0,Interface-In,200.0
4,Interface-Out,201.71
7,Output,201.71
3,Interface-Out,203.17
4,Interface-In,203.17
4,Interface-Out,204.54
7,Output,204.54
6,Input,205.45
0,Interface-In,205.45
6,Input,207.5
1,Interface-In,207.5
6,Input,210.0
1,Interface-In,210.0
1,Interface-Out,211.07
8,Storage,211.07
8,Storage,211.71
4,Interface-In,211.71
4,Interface-Out,213.03
7,Output,213.03
6,Input,215.0
1,Interface-In,215.0
4,Interface-Out,215.98
7,Output,215.98
6,Input,220.0
1,Interface-In,220.0
2,Interface-Out,220.98
4,Interface-In,220.98
4,Interface-Out,224.35
7,Output,224.35
0,Interface-Out,225.43
2,Interface-In,225.43
6,Input,227.5
1,Interface-In,227.5
4,Interface-Out,230.01
7,Output,230.01
0,Interface-Out,230.87
2,Interface-In,230.87
4,Interface-Out,233.03
7,Output,233.03
6,Input,235.0
0,Interface-In,235.0
2,Interface-Out,236.92
4,Interface-In,236.92
1,Interface-Out,237.59
7,Output,237.59
